[
  {
    "key": "abbaye",
    "video": "education-nationale/abbaye.webm"
  },
  {
    "key": "abdiquer",
    "video": "education-nationale/abdiquer.webm"
  },
  {
    "key": "ablation",
    "video": "education-nationale/ablation.webm"
  },
  {
    "key": "abonnement",
    "video": "education-nationale/abonnement.webm"
  },
  {
    "key": "académie",
    "video": "education-nationale/académie.webm"
  },
  {
    "key": "accident de voiture",
    "video": "education-nationale/accident de voiture.webm"
  },
  {
    "key": "accompagner",
    "video": "education-nationale/accompagner.webm"
  },
  {
    "key": "accord",
    "video": "education-nationale/accord.webm"
  },
  {
    "key": "acide",
    "video": "education-nationale/acide.webm"
  },
  {
    "key": "acoustique",
    "video": "education-nationale/acoustique.webm"
  },
  {
    "key": "action",
    "video": "education-nationale/action.webm"
  },
  {
    "key": "adaptation",
    "video": "education-nationale/adaptation.webm"
  },
  {
    "key": "adhérer",
    "video": "education-nationale/adhérer.webm"
  },
  {
    "key": "adjuger",
    "video": "education-nationale/adjuger.webm"
  },
  {
    "key": "administrer",
    "video": "education-nationale/administrer.webm"
  },
  {
    "key": "adversaire",
    "video": "education-nationale/adversaire.webm"
  },
  {
    "key": "affaire",
    "video": "education-nationale/affaire.webm"
  },
  {
    "key": "agence",
    "video": "education-nationale/agence.webm"
  },
  {
    "key": "agression",
    "video": "education-nationale/agression.webm"
  },
  {
    "key": "agriculture",
    "video": "education-nationale/agriculture.webm"
  },
  {
    "key": "Albi",
    "video": "education-nationale/Albi.webm"
  },
  {
    "key": "album de photos",
    "video": "education-nationale/album de photos.webm"
  },
  {
    "key": "Algérie",
    "video": "education-nationale/Algérie.webm"
  },
  {
    "key": "Allemagne",
    "video": "education-nationale/Allemagne.webm"
  },
  {
    "key": "ambiance",
    "video": "education-nationale/ambiance.webm"
  },
  {
    "key": "ambition",
    "video": "education-nationale/ambition.webm"
  },
  {
    "key": "analyse",
    "video": "education-nationale/analyse.webm"
  },
  {
    "key": "anatomie",
    "video": "education-nationale/anatomie.webm"
  },
  {
    "key": "Angers",
    "video": "education-nationale/Angers.webm"
  },
  {
    "key": "anonyme",
    "video": "education-nationale/anonyme.webm"
  },
  {
    "key": "antiquité",
    "video": "education-nationale/antiquité.webm"
  },
  {
    "key": "aorte",
    "video": "education-nationale/aorte.webm"
  },
  {
    "key": "apesanteur",
    "video": "education-nationale/apesanteur.webm"
  },
  {
    "key": "a priori",
    "video": "education-nationale/a priori.webm"
  },
  {
    "key": "architecte",
    "video": "education-nationale/architecte.webm"
  },
  {
    "key": "archives",
    "video": "education-nationale/archives.webm"
  },
  {
    "key": "articulation, os",
    "video": "education-nationale/articulation, os.webm"
  },
  {
    "key": "arts",
    "video": "education-nationale/arts.webm"
  },
  {
    "key": "assemblée nationale",
    "video": "education-nationale/assemblée nationale.webm"
  },
  {
    "key": "association",
    "video": "education-nationale/association.webm"
  },
  {
    "key": "assurance",
    "video": "education-nationale/assurance.webm"
  },
  {
    "key": "asthme",
    "video": "education-nationale/asthme.webm"
  },
  {
    "key": "atome",
    "video": "education-nationale/atome.webm"
  },
  {
    "key": "attestation",
    "video": "education-nationale/attestation.webm"
  },
  {
    "key": "audiogramme",
    "video": "education-nationale/audiogramme.webm"
  },
  {
    "key": "audiovisuel",
    "video": "education-nationale/audiovisuel.webm"
  },
  {
    "key": "Australie",
    "video": "education-nationale/Australie.webm"
  },
  {
    "key": "automobile, voiture",
    "video": "education-nationale/automobile, voiture.webm"
  },
  {
    "key": "autonomie",
    "video": "education-nationale/autonomie.webm"
  },
  {
    "key": "Autriche",
    "video": "education-nationale/Autriche.webm"
  },
  {
    "key": "Avignon",
    "video": "education-nationale/Avignon.webm"
  },
  {
    "key": "avocat",
    "video": "education-nationale/avocat.webm"
  },
  {
    "key": "bac",
    "video": "education-nationale/bac.webm"
  },
  {
    "key": "banlieue",
    "video": "education-nationale/banlieue.webm"
  },
  {
    "key": "banquet",
    "video": "education-nationale/banquet.webm"
  },
  {
    "key": "banque",
    "video": "education-nationale/banque.webm"
  },
  {
    "key": "baptême",
    "video": "education-nationale/baptême.webm"
  },
  {
    "key": "base",
    "video": "education-nationale/base.webm"
  },
  {
    "key": "bâtiment",
    "video": "education-nationale/bâtiment.webm"
  },
  {
    "key": "Belgique",
    "video": "education-nationale/Belgique.webm"
  },
  {
    "key": "bénéfice",
    "video": "education-nationale/bénéfice.webm"
  },
  {
    "key": "bénévolat",
    "video": "education-nationale/bénévolat.webm"
  },
  {
    "key": "Biarritz",
    "video": "education-nationale/Biarritz.webm"
  },
  {
    "key": "bible",
    "video": "education-nationale/bible.webm"
  },
  {
    "key": "bibliothèque",
    "video": "education-nationale/bibliothèque.webm"
  },
  {
    "key": "bilan",
    "video": "education-nationale/bilan.webm"
  },
  {
    "key": "bilinguisme",
    "video": "education-nationale/bilinguisme.webm"
  },
  {
    "key": "biochimie",
    "video": "education-nationale/biochimie.webm"
  },
  {
    "key": "biologie",
    "video": "education-nationale/biologie.webm"
  },
  {
    "key": "Bordeaux",
    "video": "education-nationale/Bordeaux.webm"
  },
  {
    "key": "bouddhisme",
    "video": "education-nationale/bouddhisme.webm"
  },
  {
    "key": "bourgeois",
    "video": "education-nationale/bourgeois.webm"
  },
  {
    "key": "Brésil",
    "video": "education-nationale/Brésil.webm"
  },
  {
    "key": "Bruxelles",
    "video": "education-nationale/Bruxelles.webm"
  },
  {
    "key": "budget",
    "video": "education-nationale/budget.webm"
  },
  {
    "key": "Bulgarie",
    "video": "education-nationale/Bulgarie.webm"
  },
  {
    "key": "câble",
    "video": "education-nationale/câble.webm"
  },
  {
    "key": "calcul",
    "video": "education-nationale/calcul.webm"
  },
  {
    "key": "calendrier",
    "video": "education-nationale/calendrier.webm"
  },
  {
    "key": "Canada",
    "video": "education-nationale/Canada.webm"
  },
  {
    "key": "cancer",
    "video": "education-nationale/cancer.webm"
  },
  {
    "key": "candidat",
    "video": "education-nationale/candidat.webm"
  },
  {
    "key": "capacité",
    "video": "education-nationale/capacité.webm"
  },
  {
    "key": "capitale",
    "video": "education-nationale/capitale.webm"
  },
  {
    "key": "caractère",
    "video": "education-nationale/caractère.webm"
  },
  {
    "key": "carême",
    "video": "education-nationale/carême.webm"
  },
  {
    "key": "carte d'identité",
    "video": "education-nationale/carte d'identité.webm"
  },
  {
    "key": "catholique",
    "video": "education-nationale/catholique.webm"
  },
  {
    "key": "célibataire",
    "video": "education-nationale/célibataire.webm"
  },
  {
    "key": "censure",
    "video": "education-nationale/censure.webm"
  },
  {
    "key": "Chambéry",
    "video": "education-nationale/Chambéry.webm"
  },
  {
    "key": "charpente",
    "video": "education-nationale/charpente.webm"
  },
  {
    "key": "chéquier",
    "video": "education-nationale/chéquier.webm"
  },
  {
    "key": "chimie",
    "video": "education-nationale/chimie.webm"
  },
  {
    "key": "Chine",
    "video": "education-nationale/Chine.webm"
  },
  {
    "key": "cinéma",
    "video": "education-nationale/cinéma.webm"
  },
  {
    "key": "citoyen",
    "video": "education-nationale/citoyen.webm"
  },
  {
    "key": "code de la route",
    "video": "education-nationale/code de la route.webm"
  },
  {
    "key": "coiffure",
    "video": "education-nationale/coiffure.webm"
  },
  {
    "key": "collaboration",
    "video": "education-nationale/collaboration.webm"
  },
  {
    "key": "comédien",
    "video": "education-nationale/comédien.webm"
  },
  {
    "key": "comédie",
    "video": "education-nationale/comédie.webm"
  },
  {
    "key": "comité",
    "video": "education-nationale/comité.webm"
  },
  {
    "key": "commerce",
    "video": "education-nationale/commerce.webm"
  },
  {
    "key": "commission",
    "video": "education-nationale/commission.webm"
  },
  {
    "key": "communication",
    "video": "education-nationale/communication.webm"
  },
  {
    "key": "communisme",
    "video": "education-nationale/communisme.webm"
  },
  {
    "key": "compétant",
    "video": "education-nationale/compétant.webm"
  },
  {
    "key": "compétition",
    "video": "education-nationale/compétition.webm"
  },
  {
    "key": "comportement",
    "video": "education-nationale/comportement.webm"
  },
  {
    "key": "compromis",
    "video": "education-nationale/compromis.webm"
  },
  {
    "key": "comptabilité",
    "video": "education-nationale/comptabilité.webm"
  },
  {
    "key": "concentration",
    "video": "education-nationale/concentration.webm"
  },
  {
    "key": "concept",
    "video": "education-nationale/concept.webm"
  },
  {
    "key": "concours",
    "video": "education-nationale/concours.webm"
  },
  {
    "key": "concurrence",
    "video": "education-nationale/concurrence.webm"
  },
  {
    "key": "conférence",
    "video": "education-nationale/conférence.webm"
  },
  {
    "key": "confiance",
    "video": "education-nationale/confiance.webm"
  },
  {
    "key": "conflit",
    "video": "education-nationale/conflit.webm"
  },
  {
    "key": "congrès",
    "video": "education-nationale/congrès.webm"
  },
  {
    "key": "connaissance",
    "video": "education-nationale/connaissance.webm"
  },
  {
    "key": "conscience",
    "video": "education-nationale/conscience.webm"
  },
  {
    "key": "conseiller",
    "video": "education-nationale/conseiller.webm"
  },
  {
    "key": "construction navale",
    "video": "education-nationale/construction navale.webm"
  },
  {
    "key": "conte",
    "video": "education-nationale/conte.webm"
  },
  {
    "key": "contrat",
    "video": "education-nationale/contrat.webm"
  },
  {
    "key": "convaincre",
    "video": "education-nationale/convaincre.webm"
  },
  {
    "key": "conversation (discuter)",
    "video": "education-nationale/conversation (discuter).webm"
  },
  {
    "key": "conversion",
    "video": "education-nationale/conversion.webm"
  },
  {
    "key": "convoquer",
    "video": "education-nationale/convoquer.webm"
  },
  {
    "key": "correction (corriger)",
    "video": "education-nationale/correction (corriger).webm"
  },
  {
    "key": "cotisation",
    "video": "education-nationale/cotisation.webm"
  },
  {
    "key": "coupable",
    "video": "education-nationale/coupable.webm"
  },
  {
    "key": "crédit",
    "video": "education-nationale/crédit.webm"
  },
  {
    "key": "crime",
    "video": "education-nationale/crime.webm"
  },
  {
    "key": "critiquer",
    "video": "education-nationale/critiquer.webm"
  },
  {
    "key": "culture de la terre",
    "video": "education-nationale/culture de la terre.webm"
  },
  {
    "key": "culture (1)",
    "video": "education-nationale/culture.webm"
  },
  {
    "key": "curieux",
    "video": "education-nationale/curieux.webm"
  },
  {
    "key": "Danemark",
    "video": "education-nationale/Danemark.webm"
  },
  {
    "key": "débat",
    "video": "education-nationale/débat.webm"
  },
  {
    "key": "débilité",
    "video": "education-nationale/débilité.webm"
  },
  {
    "key": "débit banque",
    "video": "education-nationale/débit banque.webm"
  },
  {
    "key": "décentralisation",
    "video": "education-nationale/décentralisation.webm"
  },
  {
    "key": "décision",
    "video": "education-nationale/décision.webm"
  },
  {
    "key": "déclaration droits de l'homme",
    "video": "education-nationale/déclaration droits de l'homme.webm"
  },
  {
    "key": "déclaration (1)",
    "video": "education-nationale/déclaration.webm"
  },
  {
    "key": "décommander",
    "video": "education-nationale/décommander.webm"
  },
  {
    "key": "décompte",
    "video": "education-nationale/décompte.webm"
  },
  {
    "key": "décors",
    "video": "education-nationale/décors.webm"
  },
  {
    "key": "découragement",
    "video": "education-nationale/découragement.webm"
  },
  {
    "key": "découverte",
    "video": "education-nationale/découverte.webm"
  },
  {
    "key": "défaut",
    "video": "education-nationale/défaut.webm"
  },
  {
    "key": "défenseur",
    "video": "education-nationale/défenseur.webm"
  },
  {
    "key": "déficit",
    "video": "education-nationale/déficit.webm"
  },
  {
    "key": "dégressif",
    "video": "education-nationale/dégressif.webm"
  },
  {
    "key": "dégustation",
    "video": "education-nationale/dégustation.webm"
  },
  {
    "key": "délivrance",
    "video": "education-nationale/délivrance.webm"
  },
  {
    "key": "déluge",
    "video": "education-nationale/déluge.webm"
  },
  {
    "key": "démenagement",
    "video": "education-nationale/démenagement.webm"
  },
  {
    "key": "démissionner",
    "video": "education-nationale/démissionner.webm"
  },
  {
    "key": "démocratie",
    "video": "education-nationale/démocratie.webm"
  },
  {
    "key": "démonstration",
    "video": "education-nationale/démonstration.webm"
  },
  {
    "key": "dépression",
    "video": "education-nationale/dépression.webm"
  },
  {
    "key": "député",
    "video": "education-nationale/député.webm"
  },
  {
    "key": "dérogation",
    "video": "education-nationale/dérogation.webm"
  },
  {
    "key": "dette",
    "video": "education-nationale/dette.webm"
  },
  {
    "key": "devis",
    "video": "education-nationale/devis.webm"
  },
  {
    "key": "diabète",
    "video": "education-nationale/diabète.webm"
  },
  {
    "key": "dialogue",
    "video": "education-nationale/dialogue.webm"
  },
  {
    "key": "Dijon",
    "video": "education-nationale/Dijon.webm"
  },
  {
    "key": "dilatation",
    "video": "education-nationale/dilatation.webm"
  },
  {
    "key": "diplomatique",
    "video": "education-nationale/diplomatique.webm"
  },
  {
    "key": "diplôme",
    "video": "education-nationale/diplôme.webm"
  },
  {
    "key": "directeur",
    "video": "education-nationale/directeur.webm"
  },
  {
    "key": "distance",
    "video": "education-nationale/distance.webm"
  },
  {
    "key": "divorce",
    "video": "education-nationale/divorce.webm"
  },
  {
    "key": "doctorat en médecine",
    "video": "education-nationale/doctorat en médecine.webm"
  },
  {
    "key": "documentation",
    "video": "education-nationale/documentation.webm"
  },
  {
    "key": "dossier",
    "video": "education-nationale/dossier.webm"
  },
  {
    "key": "doyen",
    "video": "education-nationale/doyen.webm"
  },
  {
    "key": "drogue",
    "video": "education-nationale/drogue.webm"
  },
  {
    "key": "droit",
    "video": "education-nationale/droit.webm"
  },
  {
    "key": "ébéniste",
    "video": "education-nationale/ébéniste.webm"
  },
  {
    "key": "échange",
    "video": "education-nationale/échange.webm"
  },
  {
    "key": "échelon",
    "video": "education-nationale/échelon.webm"
  },
  {
    "key": "éclairage",
    "video": "education-nationale/éclairage.webm"
  },
  {
    "key": "éclipse",
    "video": "education-nationale/éclipse.webm"
  },
  {
    "key": "école",
    "video": "education-nationale/école.webm"
  },
  {
    "key": "économie",
    "video": "education-nationale/économie.webm"
  },
  {
    "key": "Écosse",
    "video": "education-nationale/Écosse.webm"
  },
  {
    "key": "édifice",
    "video": "education-nationale/édifice.webm"
  },
  {
    "key": "éducateur",
    "video": "education-nationale/éducateur.webm"
  },
  {
    "key": "Égypte",
    "video": "education-nationale/Égypte.webm"
  },
  {
    "key": "électricité",
    "video": "education-nationale/électricité.webm"
  },
  {
    "key": "électronique",
    "video": "education-nationale/électronique.webm"
  },
  {
    "key": "électrotechnique",
    "video": "education-nationale/électrotechnique.webm"
  },
  {
    "key": "élégance",
    "video": "education-nationale/élégance.webm"
  },
  {
    "key": "emballage",
    "video": "education-nationale/emballage.webm"
  },
  {
    "key": "embaucher",
    "video": "education-nationale/embaucher.webm"
  },
  {
    "key": "emploi du temps",
    "video": "education-nationale/emploi du temps.webm"
  },
  {
    "key": "emprunt",
    "video": "education-nationale/emprunt.webm"
  },
  {
    "key": "encéphalogramme",
    "video": "education-nationale/encéphalogramme.webm"
  },
  {
    "key": "endoctriner",
    "video": "education-nationale/endoctriner.webm"
  },
  {
    "key": "engagement",
    "video": "education-nationale/engagement.webm"
  },
  {
    "key": "engrenage",
    "video": "education-nationale/engrenage.webm"
  },
  {
    "key": "enlèvement",
    "video": "education-nationale/enlèvement.webm"
  },
  {
    "key": "ennemi",
    "video": "education-nationale/ennemi.webm"
  },
  {
    "key": "enquête",
    "video": "education-nationale/enquête.webm"
  },
  {
    "key": "enregistrer",
    "video": "education-nationale/enregistrer.webm"
  },
  {
    "key": "enseigner",
    "video": "education-nationale/enseigner.webm"
  },
  {
    "key": "enthousiasme",
    "video": "education-nationale/enthousiasme.webm"
  },
  {
    "key": "envergure (oiseaux)",
    "video": "education-nationale/envergure (oiseaux).webm"
  },
  {
    "key": "envie",
    "video": "education-nationale/envie.webm"
  },
  {
    "key": "éphémère",
    "video": "education-nationale/éphémère.webm"
  },
  {
    "key": "épilepsie",
    "video": "education-nationale/épilepsie.webm"
  },
  {
    "key": "équilibre",
    "video": "education-nationale/équilibre.webm"
  },
  {
    "key": "équipe",
    "video": "education-nationale/équipe.webm"
  },
  {
    "key": "Espagne",
    "video": "education-nationale/Espagne.webm"
  },
  {
    "key": "État, pays",
    "video": "education-nationale/État, pays.webm"
  },
  {
    "key": "États-Unis",
    "video": "education-nationale/États-Unis.webm"
  },
  {
    "key": "étranger",
    "video": "education-nationale/étranger.webm"
  },
  {
    "key": "étudiant",
    "video": "education-nationale/étudiant.webm"
  },
  {
    "key": "Europe",
    "video": "education-nationale/Europe.webm"
  },
  {
    "key": "évolution",
    "video": "education-nationale/évolution.webm"
  },
  {
    "key": "examen",
    "video": "education-nationale/examen.webm"
  },
  {
    "key": "exemple",
    "video": "education-nationale/exemple.webm"
  },
  {
    "key": "exercice",
    "video": "education-nationale/exercice.webm"
  },
  {
    "key": "expérience",
    "video": "education-nationale/expérience.webm"
  },
  {
    "key": "expert",
    "video": "education-nationale/expert.webm"
  },
  {
    "key": "exploit",
    "video": "education-nationale/exploit.webm"
  },
  {
    "key": "exportation",
    "video": "education-nationale/exportation.webm"
  },
  {
    "key": "expression du visage",
    "video": "education-nationale/expression du visage.webm"
  },
  {
    "key": "expression, mots",
    "video": "education-nationale/expression, mots.webm"
  },
  {
    "key": "fabrication",
    "video": "education-nationale/fabrication.webm"
  },
  {
    "key": "facture",
    "video": "education-nationale/facture.webm"
  },
  {
    "key": "faillite",
    "video": "education-nationale/faillite.webm"
  },
  {
    "key": "falsifier",
    "video": "education-nationale/falsifier.webm"
  },
  {
    "key": "fantasme",
    "video": "education-nationale/fantasme.webm"
  },
  {
    "key": "fascisme",
    "video": "education-nationale/fascisme.webm"
  },
  {
    "key": "faussaire",
    "video": "education-nationale/faussaire.webm"
  },
  {
    "key": "fédération",
    "video": "education-nationale/fédération.webm"
  },
  {
    "key": "félicitation",
    "video": "education-nationale/félicitation.webm"
  },
  {
    "key": "Finlande",
    "video": "education-nationale/Finlande.webm"
  },
  {
    "key": "fleuve",
    "video": "education-nationale/fleuve.webm"
  },
  {
    "key": "foie",
    "video": "education-nationale/foie.webm"
  },
  {
    "key": "fonder",
    "video": "education-nationale/fonder.webm"
  },
  {
    "key": "forêt",
    "video": "education-nationale/forêt.webm"
  },
  {
    "key": "formation",
    "video": "education-nationale/formation.webm"
  },
  {
    "key": "français",
    "video": "education-nationale/français.webm"
  },
  {
    "key": "France",
    "video": "education-nationale/France.webm"
  },
  {
    "key": "futur",
    "video": "education-nationale/futur.webm"
  },
  {
    "key": "géographie",
    "video": "education-nationale/géographie.webm"
  },
  {
    "key": "grammaire",
    "video": "education-nationale/grammaire.webm"
  },
  {
    "key": "gravure",
    "video": "education-nationale/gravure.webm"
  },
  {
    "key": "Grèce",
    "video": "education-nationale/Grèce.webm"
  },
  {
    "key": "Guyane",
    "video": "education-nationale/Guyane.webm"
  },
  {
    "key": "gymnastique",
    "video": "education-nationale/gymnastique.webm"
  },
  {
    "key": "haine",
    "video": "education-nationale/haine.webm"
  },
  {
    "key": "handicapé",
    "video": "education-nationale/handicapé.webm"
  },
  {
    "key": "héritage",
    "video": "education-nationale/héritage.webm"
  },
  {
    "key": "hiérarchie",
    "video": "education-nationale/hiérarchie.webm"
  },
  {
    "key": "histoire",
    "video": "education-nationale/histoire.webm"
  },
  {
    "key": "Hollande",
    "video": "education-nationale/Hollande.webm"
  },
  {
    "key": "hommage",
    "video": "education-nationale/hommage.webm"
  },
  {
    "key": "homme (1)",
    "video": "education-nationale/homme.webm"
  },
  {
    "key": "Hongrie",
    "video": "education-nationale/Hongrie.webm"
  },
  {
    "key": "honneur",
    "video": "education-nationale/honneur.webm"
  },
  {
    "key": "hôpital",
    "video": "education-nationale/hôpital.webm"
  },
  {
    "key": "horizon",
    "video": "education-nationale/horizon.webm"
  },
  {
    "key": "horticulture",
    "video": "education-nationale/horticulture.webm"
  },
  {
    "key": "hôtel",
    "video": "education-nationale/hôtel.webm"
  },
  {
    "key": "huissier",
    "video": "education-nationale/huissier.webm"
  },
  {
    "key": "hypocrite",
    "video": "education-nationale/hypocrite.webm"
  },
  {
    "key": "idéologie",
    "video": "education-nationale/idéologie.webm"
  },
  {
    "key": "illusion",
    "video": "education-nationale/illusion.webm"
  },
  {
    "key": "impôts",
    "video": "education-nationale/impôts.webm"
  },
  {
    "key": "imprimer",
    "video": "education-nationale/imprimer.webm"
  },
  {
    "key": "inauguration",
    "video": "education-nationale/inauguration.webm"
  },
  {
    "key": "Inde",
    "video": "education-nationale/Inde.webm"
  },
  {
    "key": "individu",
    "video": "education-nationale/individu.webm"
  },
  {
    "key": "infarctus",
    "video": "education-nationale/infarctus.webm"
  },
  {
    "key": "infirmière",
    "video": "education-nationale/infirmière.webm"
  },
  {
    "key": "influence",
    "video": "education-nationale/influence.webm"
  },
  {
    "key": "information",
    "video": "education-nationale/information.webm"
  },
  {
    "key": "informatique",
    "video": "education-nationale/informatique.webm"
  },
  {
    "key": "informer",
    "video": "education-nationale/informer.webm"
  },
  {
    "key": "ingénieur",
    "video": "education-nationale/ingénieur.webm"
  },
  {
    "key": "insertion",
    "video": "education-nationale/insertion.webm"
  },
  {
    "key": "intelligence",
    "video": "education-nationale/intelligence.webm"
  },
  {
    "key": "intérioriser",
    "video": "education-nationale/intérioriser.webm"
  },
  {
    "key": "international",
    "video": "education-nationale/international.webm"
  },
  {
    "key": "Internet",
    "video": "education-nationale/Internet.webm"
  },
  {
    "key": "interpréter",
    "video": "education-nationale/interpréter.webm"
  },
  {
    "key": "interrogation",
    "video": "education-nationale/interrogation.webm"
  },
  {
    "key": "intervenir",
    "video": "education-nationale/intervenir.webm"
  },
  {
    "key": "interview",
    "video": "education-nationale/interview.webm"
  },
  {
    "key": "invention",
    "video": "education-nationale/invention.webm"
  },
  {
    "key": "Irlande",
    "video": "education-nationale/Irlande.webm"
  },
  {
    "key": "Israël",
    "video": "education-nationale/Israël.webm"
  },
  {
    "key": "Italie",
    "video": "education-nationale/Italie.webm"
  },
  {
    "key": "Japon",
    "video": "education-nationale/Japon.webm"
  },
  {
    "key": "jardinage",
    "video": "education-nationale/jardinage.webm"
  },
  {
    "key": "jazz",
    "video": "education-nationale/jazz.webm"
  },
  {
    "key": "jeunesse",
    "video": "education-nationale/jeunesse.webm"
  },
  {
    "key": "justice",
    "video": "education-nationale/justice.webm"
  },
  {
    "key": "Kg (kilogramme)",
    "video": "education-nationale/Kg (kilogramme).webm"
  },
  {
    "key": "kidnapper",
    "video": "education-nationale/kidnapper.webm"
  },
  {
    "key": "kinésithérapie",
    "video": "education-nationale/kinésithérapie.webm"
  },
  {
    "key": "kleptomanie",
    "video": "education-nationale/kleptomanie.webm"
  },
  {
    "key": "Km (kilomètre)",
    "video": "education-nationale/Km (kilomètre).webm"
  },
  {
    "key": "Kwatt (kilowatt)",
    "video": "education-nationale/Kwatt (kilowatt).webm"
  },
  {
    "key": "la mode",
    "video": "education-nationale/la mode.webm"
  },
  {
    "key": "langue",
    "video": "education-nationale/langue.webm"
  },
  {
    "key": "Laos",
    "video": "education-nationale/Laos.webm"
  },
  {
    "key": "leader",
    "video": "education-nationale/leader.webm"
  },
  {
    "key": "lecture labiale",
    "video": "education-nationale/lecture labiale.webm"
  },
  {
    "key": "lecture (1)",
    "video": "education-nationale/lecture.webm"
  },
  {
    "key": "liberté",
    "video": "education-nationale/liberté.webm"
  },
  {
    "key": "licenciement",
    "video": "education-nationale/licenciement.webm"
  },
  {
    "key": "Lille",
    "video": "education-nationale/Lille.webm"
  },
  {
    "key": "Limoges",
    "video": "education-nationale/Limoges.webm"
  },
  {
    "key": "linguistique",
    "video": "education-nationale/linguistique.webm"
  },
  {
    "key": "loi",
    "video": "education-nationale/loi.webm"
  },
  {
    "key": "Lyon",
    "video": "education-nationale/Lyon.webm"
  },
  {
    "key": "machine",
    "video": "education-nationale/machine.webm"
  },
  {
    "key": "mafia",
    "video": "education-nationale/mafia.webm"
  },
  {
    "key": "mairie",
    "video": "education-nationale/mairie.webm"
  },
  {
    "key": "majeur",
    "video": "education-nationale/majeur.webm"
  },
  {
    "key": "manifestation",
    "video": "education-nationale/manifestation.webm"
  },
  {
    "key": "marginal",
    "video": "education-nationale/marginal.webm"
  },
  {
    "key": "Maroc",
    "video": "education-nationale/Maroc.webm"
  },
  {
    "key": "Marseille",
    "video": "education-nationale/Marseille.webm"
  },
  {
    "key": "mécanique",
    "video": "education-nationale/mécanique.webm"
  },
  {
    "key": "médecin",
    "video": "education-nationale/médecin.webm"
  },
  {
    "key": "médicament",
    "video": "education-nationale/médicament.webm"
  },
  {
    "key": "mémoire, thèse",
    "video": "education-nationale/mémoire, thèse.webm"
  },
  {
    "key": "mensuel",
    "video": "education-nationale/mensuel.webm"
  },
  {
    "key": "message",
    "video": "education-nationale/message.webm"
  },
  {
    "key": "méthode",
    "video": "education-nationale/méthode.webm"
  },
  {
    "key": "métier",
    "video": "education-nationale/métier.webm"
  },
  {
    "key": "Metz",
    "video": "education-nationale/Metz.webm"
  },
  {
    "key": "Mexique",
    "video": "education-nationale/Mexique.webm"
  },
  {
    "key": "microbe",
    "video": "education-nationale/microbe.webm"
  },
  {
    "key": "microscope",
    "video": "education-nationale/microscope.webm"
  },
  {
    "key": "militaire",
    "video": "education-nationale/militaire.webm"
  },
  {
    "key": "mine",
    "video": "education-nationale/mine.webm"
  },
  {
    "key": "minorité",
    "video": "education-nationale/minorité.webm"
  },
  {
    "key": "moderne",
    "video": "education-nationale/moderne.webm"
  },
  {
    "key": "Monaco",
    "video": "education-nationale/Monaco.webm"
  },
  {
    "key": "monde",
    "video": "education-nationale/monde.webm"
  },
  {
    "key": "montagne",
    "video": "education-nationale/montagne.webm"
  },
  {
    "key": "Montpellier",
    "video": "education-nationale/Montpellier.webm"
  },
  {
    "key": "moral",
    "video": "education-nationale/moral.webm"
  },
  {
    "key": "Mulhouse",
    "video": "education-nationale/Mulhouse.webm"
  },
  {
    "key": "musique",
    "video": "education-nationale/musique.webm"
  },
  {
    "key": "musulman",
    "video": "education-nationale/musulman.webm"
  },
  {
    "key": "mutation",
    "video": "education-nationale/mutation.webm"
  },
  {
    "key": "Nancy",
    "video": "education-nationale/Nancy.webm"
  },
  {
    "key": "Nantes",
    "video": "education-nationale/Nantes.webm"
  },
  {
    "key": "nationalité",
    "video": "education-nationale/nationalité.webm"
  },
  {
    "key": "naturel",
    "video": "education-nationale/naturel.webm"
  },
  {
    "key": "neurologique",
    "video": "education-nationale/neurologique.webm"
  },
  {
    "key": "neutre",
    "video": "education-nationale/neutre.webm"
  },
  {
    "key": "Nîmes",
    "video": "education-nationale/Nîmes.webm"
  },
  {
    "key": "niveau",
    "video": "education-nationale/niveau.webm"
  },
  {
    "key": "normal",
    "video": "education-nationale/normal.webm"
  },
  {
    "key": "Norvège",
    "video": "education-nationale/Norvège.webm"
  },
  {
    "key": "notaire",
    "video": "education-nationale/notaire.webm"
  },
  {
    "key": "nucléaire",
    "video": "education-nationale/nucléaire.webm"
  },
  {
    "key": "objectif",
    "video": "education-nationale/objectif.webm"
  },
  {
    "key": "objection",
    "video": "education-nationale/objection.webm"
  },
  {
    "key": "obligation",
    "video": "education-nationale/obligation.webm"
  },
  {
    "key": "observateur",
    "video": "education-nationale/observateur.webm"
  },
  {
    "key": "officiel",
    "video": "education-nationale/officiel.webm"
  },
  {
    "key": "oppression",
    "video": "education-nationale/oppression.webm"
  },
  {
    "key": "oral",
    "video": "education-nationale/oral.webm"
  },
  {
    "key": "organiser",
    "video": "education-nationale/organiser.webm"
  },
  {
    "key": "origine",
    "video": "education-nationale/origine.webm"
  },
  {
    "key": "Orléans",
    "video": "education-nationale/Orléans.webm"
  },
  {
    "key": "outil",
    "video": "education-nationale/outil.webm"
  },
  {
    "key": "pâques",
    "video": "education-nationale/pâques.webm"
  },
  {
    "key": "Paris",
    "video": "education-nationale/Paris.webm"
  },
  {
    "key": "pédagogie",
    "video": "education-nationale/pédagogie.webm"
  },
  {
    "key": "pédophile",
    "video": "education-nationale/pédophile.webm"
  },
  {
    "key": "pharmacie",
    "video": "education-nationale/pharmacie.webm"
  },
  {
    "key": "philosophe",
    "video": "education-nationale/philosophe.webm"
  },
  {
    "key": "photocopie",
    "video": "education-nationale/photocopie.webm"
  },
  {
    "key": "photographie",
    "video": "education-nationale/photographie.webm"
  },
  {
    "key": "physique",
    "video": "education-nationale/physique.webm"
  },
  {
    "key": "plastique",
    "video": "education-nationale/plastique.webm"
  },
  {
    "key": "plombier",
    "video": "education-nationale/plombier.webm"
  },
  {
    "key": "poème",
    "video": "education-nationale/poème.webm"
  },
  {
    "key": "Poitiers",
    "video": "education-nationale/Poitiers.webm"
  },
  {
    "key": "politique",
    "video": "education-nationale/politique.webm"
  },
  {
    "key": "positif",
    "video": "education-nationale/positif.webm"
  },
  {
    "key": "pouvoir",
    "video": "education-nationale/pouvoir.webm"
  },
  {
    "key": "privé",
    "video": "education-nationale/privé.webm"
  },
  {
    "key": "problème",
    "video": "education-nationale/problème.webm"
  },
  {
    "key": "production",
    "video": "education-nationale/production.webm"
  },
  {
    "key": "programme",
    "video": "education-nationale/programme.webm"
  },
  {
    "key": "proposition",
    "video": "education-nationale/proposition.webm"
  },
  {
    "key": "radioactif",
    "video": "education-nationale/radioactif.webm"
  },
  {
    "key": "recherche",
    "video": "education-nationale/recherche.webm"
  },
  {
    "key": "Reims",
    "video": "education-nationale/Reims.webm"
  },
  {
    "key": "relation",
    "video": "education-nationale/relation.webm"
  },
  {
    "key": "Rennes",
    "video": "education-nationale/Rennes.webm"
  },
  {
    "key": "responsable",
    "video": "education-nationale/responsable.webm"
  },
  {
    "key": "restauration",
    "video": "education-nationale/restauration.webm"
  },
  {
    "key": "révision",
    "video": "education-nationale/révision.webm"
  },
  {
    "key": "rival",
    "video": "education-nationale/rival.webm"
  },
  {
    "key": "roi",
    "video": "education-nationale/roi.webm"
  },
  {
    "key": "rôle",
    "video": "education-nationale/rôle.webm"
  },
  {
    "key": "Rome",
    "video": "education-nationale/Rome.webm"
  },
  {
    "key": "Roumanie",
    "video": "education-nationale/Roumanie.webm"
  },
  {
    "key": "Saint-Étienne",
    "video": "education-nationale/Saint-Étienne.webm"
  },
  {
    "key": "s'allier",
    "video": "education-nationale/s'allier.webm"
  },
  {
    "key": "santé",
    "video": "education-nationale/santé.webm"
  },
  {
    "key": "scanner médical",
    "video": "education-nationale/scanner médical.webm"
  },
  {
    "key": "schizophrène",
    "video": "education-nationale/schizophrène.webm"
  },
  {
    "key": "sculpture",
    "video": "education-nationale/sculpture.webm"
  },
  {
    "key": "secrétariat",
    "video": "education-nationale/secrétariat.webm"
  },
  {
    "key": "ségrégation",
    "video": "education-nationale/ségrégation.webm"
  },
  {
    "key": "séisme",
    "video": "education-nationale/séisme.webm"
  },
  {
    "key": "sélection",
    "video": "education-nationale/sélection.webm"
  },
  {
    "key": "social",
    "video": "education-nationale/social.webm"
  },
  {
    "key": "soigner",
    "video": "education-nationale/soigner.webm"
  },
  {
    "key": "soldat",
    "video": "education-nationale/soldat.webm"
  },
  {
    "key": "sous-titrage",
    "video": "education-nationale/sous-titrage.webm"
  },
  {
    "key": "sport",
    "video": "education-nationale/sport.webm"
  },
  {
    "key": "statut social",
    "video": "education-nationale/statut social.webm"
  },
  {
    "key": "Strasbourg",
    "video": "education-nationale/Strasbourg.webm"
  },
  {
    "key": "subvention",
    "video": "education-nationale/subvention.webm"
  },
  {
    "key": "Suède",
    "video": "education-nationale/Suède.webm"
  },
  {
    "key": "symbole",
    "video": "education-nationale/symbole.webm"
  },
  {
    "key": "sympathie",
    "video": "education-nationale/sympathie.webm"
  },
  {
    "key": "syndicat",
    "video": "education-nationale/syndicat.webm"
  },
  {
    "key": "tarif",
    "video": "education-nationale/tarif.webm"
  },
  {
    "key": "taxe",
    "video": "education-nationale/taxe.webm"
  },
  {
    "key": "technique",
    "video": "education-nationale/technique.webm"
  },
  {
    "key": "télécommunication",
    "video": "education-nationale/télécommunication.webm"
  },
  {
    "key": "télévision",
    "video": "education-nationale/télévision.webm"
  },
  {
    "key": "terre (1)",
    "video": "education-nationale/terre.webm"
  },
  {
    "key": "théâtre",
    "video": "education-nationale/théâtre.webm"
  },
  {
    "key": "théorie",
    "video": "education-nationale/théorie.webm"
  },
  {
    "key": "thermometre",
    "video": "education-nationale/thermometre.webm"
  },
  {
    "key": "timbre",
    "video": "education-nationale/timbre.webm"
  },
  {
    "key": "Toulouse",
    "video": "education-nationale/Toulouse.webm"
  },
  {
    "key": "tourisme",
    "video": "education-nationale/tourisme.webm"
  },
  {
    "key": "tours",
    "video": "education-nationale/tours.webm"
  },
  {
    "key": "toxique",
    "video": "education-nationale/toxique.webm"
  },
  {
    "key": "trajectoire",
    "video": "education-nationale/trajectoire.webm"
  },
  {
    "key": "transport",
    "video": "education-nationale/transport.webm"
  },
  {
    "key": "trimestre",
    "video": "education-nationale/trimestre.webm"
  },
  {
    "key": "trophée",
    "video": "education-nationale/trophée.webm"
  },
  {
    "key": "typique",
    "video": "education-nationale/typique.webm"
  },
  {
    "key": "URSS",
    "video": "education-nationale/URSS.webm"
  },
  {
    "key": "usine",
    "video": "education-nationale/usine.webm"
  },
  {
    "key": "vaccination",
    "video": "education-nationale/vaccination.webm"
  },
  {
    "key": "vaincre",
    "video": "education-nationale/vaincre.webm"
  },
  {
    "key": "vallée",
    "video": "education-nationale/vallée.webm"
  },
  {
    "key": "vanité",
    "video": "education-nationale/vanité.webm"
  },
  {
    "key": "verglas",
    "video": "education-nationale/verglas.webm"
  },
  {
    "key": "vibration",
    "video": "education-nationale/vibration.webm"
  },
  {
    "key": "victoire",
    "video": "education-nationale/victoire.webm"
  },
  {
    "key": "ville",
    "video": "education-nationale/ville.webm"
  },
  {
    "key": "virus",
    "video": "education-nationale/virus.webm"
  },
  {
    "key": "voir",
    "video": "education-nationale/voir.webm"
  },
  {
    "key": "zoo",
    "video": "education-nationale/zoo.webm"
  },
  {
    "key": "achat",
    "video": "elix/achat.webm"
  },
  {
    "key": "à la saint glinglin",
    "video": "elix/à la saint glinglin.webm"
  },
  {
    "key": "âme",
    "video": "elix/âme.webm"
  },
  {
    "key": "analogie",
    "video": "elix/analogie.webm"
  },
  {
    "key": "appétit",
    "video": "elix/appétit.webm"
  },
  {
    "key": "archipel",
    "video": "elix/archipel.webm"
  },
  {
    "key": "baptême (1)",
    "video": "elix/baptême.webm"
  },
  {
    "key": "barbelé",
    "video": "elix/barbelé.webm"
  },
  {
    "key": "blouse",
    "video": "elix/blouse.webm"
  },
  {
    "key": "bobine",
    "video": "elix/bobine.webm"
  },
  {
    "key": "bonjour",
    "video": "elix/bonjour.webm"
  },
  {
    "key": "boudin",
    "video": "elix/boudin.webm"
  },
  {
    "key": "caducée",
    "video": "elix/caducée.webm"
  },
  {
    "key": "canal",
    "video": "elix/canal.webm"
  },
  {
    "key": "canicule",
    "video": "elix/canicule.webm"
  },
  {
    "key": "champignon",
    "video": "elix/champignon.webm"
  },
  {
    "key": "champion",
    "video": "elix/champion.webm"
  },
  {
    "key": "champ",
    "video": "elix/champ.webm"
  },
  {
    "key": "chance",
    "video": "elix/chance.webm"
  },
  {
    "key": "chapeau",
    "video": "elix/chapeau.webm"
  },
  {
    "key": "charbon",
    "video": "elix/charbon.webm"
  },
  {
    "key": "charcutier",
    "video": "elix/charcutier.webm"
  },
  {
    "key": "chariot",
    "video": "elix/chariot.webm"
  },
  {
    "key": "charpente (1)",
    "video": "elix/charpente.webm"
  },
  {
    "key": "château",
    "video": "elix/château.webm"
  },
  {
    "key": "chaussette",
    "video": "elix/chaussette.webm"
  },
  {
    "key": "chaussure",
    "video": "elix/chaussure.webm"
  },
  {
    "key": "chauve-souris",
    "video": "elix/chauve-souris.webm"
  },
  {
    "key": "chemin",
    "video": "elix/chemin.webm"
  },
  {
    "key": "circuit",
    "video": "elix/circuit.webm"
  },
  {
    "key": "citron",
    "video": "elix/citron.webm"
  },
  {
    "key": "civil",
    "video": "elix/civil.webm"
  },
  {
    "key": "clochard",
    "video": "elix/clochard.webm"
  },
  {
    "key": "cloche",
    "video": "elix/cloche.webm"
  },
  {
    "key": "clôture",
    "video": "elix/clôture.webm"
  },
  {
    "key": "clou",
    "video": "elix/clou.webm"
  },
  {
    "key": "clown",
    "video": "elix/clown.webm"
  },
  {
    "key": "cochon",
    "video": "elix/cochon.webm"
  },
  {
    "key": "cocon",
    "video": "elix/cocon.webm"
  },
  {
    "key": "coco",
    "video": "elix/coco.webm"
  },
  {
    "key": "coffre",
    "video": "elix/coffre.webm"
  },
  {
    "key": "colère",
    "video": "elix/colère.webm"
  },
  {
    "key": "collant",
    "video": "elix/collant.webm"
  },
  {
    "key": "collège",
    "video": "elix/collège.webm"
  },
  {
    "key": "collier",
    "video": "elix/collier.webm"
  },
  {
    "key": "colline",
    "video": "elix/colline.webm"
  },
  {
    "key": "colonie",
    "video": "elix/colonie.webm"
  },
  {
    "key": "col",
    "video": "elix/col.webm"
  },
  {
    "key": "comique",
    "video": "elix/comique.webm"
  },
  {
    "key": "communauté",
    "video": "elix/communauté.webm"
  },
  {
    "key": "coquillage",
    "video": "elix/coquillage.webm"
  },
  {
    "key": "coq",
    "video": "elix/coq.webm"
  },
  {
    "key": "cordonnier",
    "video": "elix/cordonnier.webm"
  },
  {
    "key": "corne",
    "video": "elix/corne.webm"
  },
  {
    "key": "cornichon",
    "video": "elix/cornichon.webm"
  },
  {
    "key": "coton",
    "video": "elix/coton.webm"
  },
  {
    "key": "couche",
    "video": "elix/couche.webm"
  },
  {
    "key": "coude",
    "video": "elix/coude.webm"
  },
  {
    "key": "couette",
    "video": "elix/couette.webm"
  },
  {
    "key": "couloir",
    "video": "elix/couloir.webm"
  },
  {
    "key": "couple",
    "video": "elix/couple.webm"
  },
  {
    "key": "courgette",
    "video": "elix/courgette.webm"
  },
  {
    "key": "couronne",
    "video": "elix/couronne.webm"
  },
  {
    "key": "course",
    "video": "elix/course.webm"
  },
  {
    "key": "cour",
    "video": "elix/cour.webm"
  },
  {
    "key": "couscous",
    "video": "elix/couscous.webm"
  },
  {
    "key": "cousin",
    "video": "elix/cousin.webm"
  },
  {
    "key": "couteau",
    "video": "elix/couteau.webm"
  },
  {
    "key": "couvercle",
    "video": "elix/couvercle.webm"
  },
  {
    "key": "couverture",
    "video": "elix/couverture.webm"
  },
  {
    "key": "crabe",
    "video": "elix/crabe.webm"
  },
  {
    "key": "craie",
    "video": "elix/craie.webm"
  },
  {
    "key": "crampe",
    "video": "elix/crampe.webm"
  },
  {
    "key": "cravate",
    "video": "elix/cravate.webm"
  },
  {
    "key": "crêpe",
    "video": "elix/crêpe.webm"
  },
  {
    "key": "crevette",
    "video": "elix/crevette.webm"
  },
  {
    "key": "crochet",
    "video": "elix/crochet.webm"
  },
  {
    "key": "crocodile",
    "video": "elix/crocodile.webm"
  },
  {
    "key": "croissant",
    "video": "elix/croissant.webm"
  },
  {
    "key": "croix",
    "video": "elix/croix.webm"
  },
  {
    "key": "cuir",
    "video": "elix/cuir.webm"
  },
  {
    "key": "culotte",
    "video": "elix/culotte.webm"
  },
  {
    "key": "dactylologie",
    "video": "elix/dactylologie.webm"
  },
  {
    "key": "décembre",
    "video": "elix/décembre.webm"
  },
  {
    "key": "dentiste",
    "video": "elix/dentiste.webm"
  },
  {
    "key": "département",
    "video": "elix/département.webm"
  },
  {
    "key": "de (6)",
    "video": "elix/de.webm"
  },
  {
    "key": "fraise",
    "video": "elix/fraise.webm"
  },
  {
    "key": "griffe",
    "video": "elix/griffe.webm"
  },
  {
    "key": "hémorragie",
    "video": "elix/hémorragie.webm"
  },
  {
    "key": "lapin",
    "video": "elix/lapin.webm"
  },
  {
    "key": "liaison",
    "video": "elix/liaison.webm"
  },
  {
    "key": "librairie",
    "video": "elix/librairie.webm"
  },
  {
    "key": "media",
    "video": "elix/media.webm"
  },
  {
    "key": "nourriture",
    "video": "elix/nourriture.webm"
  },
  {
    "key": "nuage",
    "video": "elix/nuage.webm"
  },
  {
    "key": "réseau local",
    "video": "elix/réseau local.webm"
  },
  {
    "key": "réseau (1)",
    "video": "elix/réseau.webm"
  },
  {
    "key": "tabou",
    "video": "elix/tabou.webm"
  },
  {
    "key": "tachycardie",
    "video": "elix/tachycardie.webm"
  },
  {
    "key": "abandonner",
    "video": "jauvert/abandonner.webm"
  },
  {
    "key": "abeille",
    "video": "jauvert/abeille.webm"
  },
  {
    "key": "à bientôt",
    "video": "jauvert/à bientôt.webm"
  },
  {
    "key": "accompagner (1)",
    "video": "jauvert/accompagner.webm"
  },
  {
    "key": "acheter",
    "video": "jauvert/acheter.webm"
  },
  {
    "key": "adolescent",
    "video": "jauvert/adolescent.webm"
  },
  {
    "key": "adorer",
    "video": "jauvert/adorer.webm"
  },
  {
    "key": "à genoux",
    "video": "jauvert/à genoux.webm"
  },
  {
    "key": "Aix",
    "video": "jauvert/Aix.webm"
  },
  {
    "key": "aller chercher",
    "video": "jauvert/aller chercher.webm"
  },
  {
    "key": "aller (1)",
    "video": "jauvert/aller.webm"
  },
  {
    "key": "amant",
    "video": "jauvert/amant.webm"
  },
  {
    "key": "ami·e·s",
    "video": "jauvert/ami·e·s.webm"
  },
  {
    "key": "ami·e (1)",
    "video": "jauvert/ami·e.webm"
  },
  {
    "key": "amour",
    "video": "jauvert/amour.webm"
  },
  {
    "key": "anniversaire",
    "video": "jauvert/anniversaire.webm"
  },
  {
    "key": "apercevoir",
    "video": "jauvert/apercevoir.webm"
  },
  {
    "key": "à peu près",
    "video": "jauvert/à peu près.webm"
  },
  {
    "key": "appeler",
    "video": "jauvert/appeler.webm"
  },
  {
    "key": "apporter",
    "video": "jauvert/apporter.webm"
  },
  {
    "key": "apprendre",
    "video": "jauvert/apprendre.webm"
  },
  {
    "key": "approcher",
    "video": "jauvert/approcher.webm"
  },
  {
    "key": "après-midi",
    "video": "jauvert/après-midi.webm"
  },
  {
    "key": "après (1)",
    "video": "jauvert/après.webm"
  },
  {
    "key": "arbre",
    "video": "jauvert/arbre.webm"
  },
  {
    "key": "argenté",
    "video": "jauvert/argenté.webm"
  },
  {
    "key": "arrêter",
    "video": "jauvert/arrêter.webm"
  },
  {
    "key": "à tout à l'heure",
    "video": "jauvert/à tout à l'heure.webm"
  },
  {
    "key": "attendre",
    "video": "jauvert/attendre.webm"
  },
  {
    "key": "attention",
    "video": "jauvert/attention.webm"
  },
  {
    "key": "Aubagne",
    "video": "jauvert/Aubagne.webm"
  },
  {
    "key": "au bord de…",
    "video": "jauvert/au bord de….webm"
  },
  {
    "key": "aujourd'hui",
    "video": "jauvert/aujourd'hui.webm"
  },
  {
    "key": "au revoir",
    "video": "jauvert/au revoir.webm"
  },
  {
    "key": "autonome",
    "video": "jauvert/autonome.webm"
  },
  {
    "key": "autoroute",
    "video": "jauvert/autoroute.webm"
  },
  {
    "key": "avant",
    "video": "jauvert/avant.webm"
  },
  {
    "key": "avec",
    "video": "jauvert/avec.webm"
  },
  {
    "key": "avertir, prévenir",
    "video": "jauvert/avertir, prévenir.webm"
  },
  {
    "key": "avion",
    "video": "jauvert/avion.webm"
  },
  {
    "key": "avocat (1)",
    "video": "jauvert/avocat.webm"
  },
  {
    "key": "ballon",
    "video": "jauvert/ballon.webm"
  },
  {
    "key": "banane",
    "video": "jauvert/banane.webm"
  },
  {
    "key": "banque (2)",
    "video": "jauvert/banque.webm"
  },
  {
    "key": "bateau",
    "video": "jauvert/bateau.webm"
  },
  {
    "key": "beacoup",
    "video": "jauvert/beacoup.webm"
  },
  {
    "key": "beau",
    "video": "jauvert/beau.webm"
  },
  {
    "key": "bébé",
    "video": "jauvert/bébé.webm"
  },
  {
    "key": "beige",
    "video": "jauvert/beige.webm"
  },
  {
    "key": "bientôt (1)",
    "video": "jauvert/bientôt.webm"
  },
  {
    "key": "bien",
    "video": "jauvert/bien.webm"
  },
  {
    "key": "billard",
    "video": "jauvert/billard.webm"
  },
  {
    "key": "blanc",
    "video": "jauvert/blanc.webm"
  },
  {
    "key": "bleu marine",
    "video": "jauvert/bleu marine.webm"
  },
  {
    "key": "bleu (1)",
    "video": "jauvert/bleu.webm"
  },
  {
    "key": "blond",
    "video": "jauvert/blond.webm"
  },
  {
    "key": "boeuf",
    "video": "jauvert/boeuf.webm"
  },
  {
    "key": "boire",
    "video": "jauvert/boire.webm"
  },
  {
    "key": "boiter",
    "video": "jauvert/boiter.webm"
  },
  {
    "key": "bon appétit",
    "video": "jauvert/bon appétit.webm"
  },
  {
    "key": "bonjour (1)",
    "video": "jauvert/bonjour.webm"
  },
  {
    "key": "bonne journée",
    "video": "jauvert/bonne journée.webm"
  },
  {
    "key": "bonne soirée",
    "video": "jauvert/bonne soirée.webm"
  },
  {
    "key": "bonsoir",
    "video": "jauvert/bonsoir.webm"
  },
  {
    "key": "bon (1)",
    "video": "jauvert/bon.webm"
  },
  {
    "key": "bordeaux",
    "video": "jauvert/bordeaux.webm"
  },
  {
    "key": "bowling",
    "video": "jauvert/bowling.webm"
  },
  {
    "key": "bracelet",
    "video": "jauvert/bracelet.webm"
  },
  {
    "key": "Bretagne",
    "video": "jauvert/Bretagne.webm"
  },
  {
    "key": "bureau",
    "video": "jauvert/bureau.webm"
  },
  {
    "key": "bus",
    "video": "jauvert/bus.webm"
  },
  {
    "key": "café",
    "video": "jauvert/café.webm"
  },
  {
    "key": "camion",
    "video": "jauvert/camion.webm"
  },
  {
    "key": "campagne",
    "video": "jauvert/campagne.webm"
  },
  {
    "key": "canapé",
    "video": "jauvert/canapé.webm"
  },
  {
    "key": "canard",
    "video": "jauvert/canard.webm"
  },
  {
    "key": "capter des mots",
    "video": "jauvert/capter des mots.webm"
  },
  {
    "key": "carotte",
    "video": "jauvert/carotte.webm"
  },
  {
    "key": "car",
    "video": "jauvert/car.webm"
  },
  {
    "key": "casser",
    "video": "jauvert/casser.webm"
  },
  {
    "key": "cassette",
    "video": "jauvert/cassette.webm"
  },
  {
    "key": "ça va",
    "video": "jauvert/ça va.webm"
  },
  {
    "key": "centre ville",
    "video": "jauvert/centre ville.webm"
  },
  {
    "key": "cerf",
    "video": "jauvert/cerf.webm"
  },
  {
    "key": "certificat",
    "video": "jauvert/certificat.webm"
  },
  {
    "key": "chaise",
    "video": "jauvert/chaise.webm"
  },
  {
    "key": "champignon (1)",
    "video": "jauvert/champignon.webm"
  },
  {
    "key": "chance (1)",
    "video": "jauvert/chance.webm"
  },
  {
    "key": "changer",
    "video": "jauvert/changer.webm"
  },
  {
    "key": "chapeau (1)",
    "video": "jauvert/chapeau.webm"
  },
  {
    "key": "châtain",
    "video": "jauvert/châtain.webm"
  },
  {
    "key": "chat",
    "video": "jauvert/chat.webm"
  },
  {
    "key": "chaud",
    "video": "jauvert/chaud.webm"
  },
  {
    "key": "chaussette (1)",
    "video": "jauvert/chaussette.webm"
  },
  {
    "key": "chemin (1)",
    "video": "jauvert/chemin.webm"
  },
  {
    "key": "chemise",
    "video": "jauvert/chemise.webm"
  },
  {
    "key": "chercher les ennuis",
    "video": "jauvert/chercher les ennuis.webm"
  },
  {
    "key": "chercher quelqu'un de perdu",
    "video": "jauvert/chercher quelqu'un de perdu.webm"
  },
  {
    "key": "chercher (3)",
    "video": "jauvert/chercher.webm"
  },
  {
    "key": "chien",
    "video": "jauvert/chien.webm"
  },
  {
    "key": "chocolatine (pain au chocolat)",
    "video": "jauvert/chocolatine (pain au chocolat).webm"
  },
  {
    "key": "chocolat (1)",
    "video": "jauvert/chocolat.webm"
  },
  {
    "key": "cinéma (1)",
    "video": "jauvert/cinéma.webm"
  },
  {
    "key": "cirque",
    "video": "jauvert/cirque.webm"
  },
  {
    "key": "clair",
    "video": "jauvert/clair.webm"
  },
  {
    "key": "clown (1)",
    "video": "jauvert/clown.webm"
  },
  {
    "key": "coca",
    "video": "jauvert/coca.webm"
  },
  {
    "key": "collant (vêtement)",
    "video": "jauvert/collant (vêtement).webm"
  },
  {
    "key": "collège (1)",
    "video": "jauvert/collège.webm"
  },
  {
    "key": "combien ?",
    "video": "jauvert/combien ?.webm"
  },
  {
    "key": "commencer",
    "video": "jauvert/commencer.webm"
  },
  {
    "key": "comment dire ?",
    "video": "jauvert/comment dire ?.webm"
  },
  {
    "key": "comment ?",
    "video": "jauvert/comment ?.webm"
  },
  {
    "key": "communiquer",
    "video": "jauvert/communiquer.webm"
  },
  {
    "key": "comprendre",
    "video": "jauvert/comprendre.webm"
  },
  {
    "key": "compris",
    "video": "jauvert/compris.webm"
  },
  {
    "key": "concentrer",
    "video": "jauvert/concentrer.webm"
  },
  {
    "key": "concombre",
    "video": "jauvert/concombre.webm"
  },
  {
    "key": "concours (1)",
    "video": "jauvert/concours.webm"
  },
  {
    "key": "conférence pour les entendants",
    "video": "jauvert/conférence pour les entendants.webm"
  },
  {
    "key": "conférence pour les sourds",
    "video": "jauvert/conférence pour les sourds.webm"
  },
  {
    "key": "configuration",
    "video": "jauvert/configuration.webm"
  },
  {
    "key": "conseiller (1)",
    "video": "jauvert/conseiller.webm"
  },
  {
    "key": "content",
    "video": "jauvert/content.webm"
  },
  {
    "key": "corps",
    "video": "jauvert/corps.webm"
  },
  {
    "key": "couleur",
    "video": "jauvert/couleur.webm"
  },
  {
    "key": "courir",
    "video": "jauvert/courir.webm"
  },
  {
    "key": "cours",
    "video": "jauvert/cours.webm"
  },
  {
    "key": "couscous (1)",
    "video": "jauvert/couscous.webm"
  },
  {
    "key": "cousin (1)",
    "video": "jauvert/cousin.webm"
  },
  {
    "key": "crayon",
    "video": "jauvert/crayon.webm"
  },
  {
    "key": "critiquer (1)",
    "video": "jauvert/critiquer.webm"
  },
  {
    "key": "croiser",
    "video": "jauvert/croiser.webm"
  },
  {
    "key": "croissant (1)",
    "video": "jauvert/croissant.webm"
  },
  {
    "key": "cuisine",
    "video": "jauvert/cuisine.webm"
  },
  {
    "key": "danser",
    "video": "jauvert/danser.webm"
  },
  {
    "key": "demain",
    "video": "jauvert/demain.webm"
  },
  {
    "key": "demander",
    "video": "jauvert/demander.webm"
  },
  {
    "key": "de rien",
    "video": "jauvert/de rien.webm"
  },
  {
    "key": "dernière",
    "video": "jauvert/dernière.webm"
  },
  {
    "key": "derrière",
    "video": "jauvert/derrière.webm"
  },
  {
    "key": "dessert",
    "video": "jauvert/dessert.webm"
  },
  {
    "key": "détail",
    "video": "jauvert/détail.webm"
  },
  {
    "key": "devant",
    "video": "jauvert/devant.webm"
  },
  {
    "key": "devoir",
    "video": "jauvert/devoir.webm"
  },
  {
    "key": "dialoguer",
    "video": "jauvert/dialoguer.webm"
  },
  {
    "key": "différent",
    "video": "jauvert/différent.webm"
  },
  {
    "key": "diplôme (1)",
    "video": "jauvert/diplôme.webm"
  },
  {
    "key": "directeur (1)",
    "video": "jauvert/directeur.webm"
  },
  {
    "key": "dire (1)",
    "video": "jauvert/dire.webm"
  },
  {
    "key": "discuter (1)",
    "video": "jauvert/discuter.webm"
  },
  {
    "key": "divorcer",
    "video": "jauvert/divorcer.webm"
  },
  {
    "key": "docteur",
    "video": "jauvert/docteur.webm"
  },
  {
    "key": "dommage",
    "video": "jauvert/dommage.webm"
  },
  {
    "key": "donner, rendre",
    "video": "jauvert/donner, rendre.webm"
  },
  {
    "key": "doré",
    "video": "jauvert/doré.webm"
  },
  {
    "key": "dormir",
    "video": "jauvert/dormir.webm"
  },
  {
    "key": "dossier (1)",
    "video": "jauvert/dossier.webm"
  },
  {
    "key": "eau",
    "video": "jauvert/eau.webm"
  },
  {
    "key": "école maternelle",
    "video": "jauvert/école maternelle.webm"
  },
  {
    "key": "école (2)",
    "video": "jauvert/école.webm"
  },
  {
    "key": "écouter",
    "video": "jauvert/écouter.webm"
  },
  {
    "key": "écrire",
    "video": "jauvert/écrire.webm"
  },
  {
    "key": "éducateur (1)",
    "video": "jauvert/éducateur.webm"
  },
  {
    "key": "élève",
    "video": "jauvert/élève.webm"
  },
  {
    "key": "email",
    "video": "jauvert/email.webm"
  },
  {
    "key": "embaucher (1)",
    "video": "jauvert/embaucher.webm"
  },
  {
    "key": "emplacement",
    "video": "jauvert/emplacement.webm"
  },
  {
    "key": "encore",
    "video": "jauvert/encore.webm"
  },
  {
    "key": "enfant",
    "video": "jauvert/enfant.webm"
  },
  {
    "key": "enseigner, apprendre",
    "video": "jauvert/enseigner, apprendre.webm"
  },
  {
    "key": "ensemble",
    "video": "jauvert/ensemble.webm"
  },
  {
    "key": "entendant",
    "video": "jauvert/entendant.webm"
  },
  {
    "key": "entendre",
    "video": "jauvert/entendre.webm"
  },
  {
    "key": "entrée",
    "video": "jauvert/entrée.webm"
  },
  {
    "key": "envoyer",
    "video": "jauvert/envoyer.webm"
  },
  {
    "key": "escargot",
    "video": "jauvert/escargot.webm"
  },
  {
    "key": "espérer",
    "video": "jauvert/espérer.webm"
  },
  {
    "key": "essayer",
    "video": "jauvert/essayer.webm"
  },
  {
    "key": "été",
    "video": "jauvert/été.webm"
  },
  {
    "key": "étonner",
    "video": "jauvert/étonner.webm"
  },
  {
    "key": "être contre",
    "video": "jauvert/être contre.webm"
  },
  {
    "key": "eux",
    "video": "jauvert/eux.webm"
  },
  {
    "key": "exemple (1)",
    "video": "jauvert/exemple.webm"
  },
  {
    "key": "expliquer",
    "video": "jauvert/expliquer.webm"
  },
  {
    "key": "expression du visage (1)",
    "video": "jauvert/expression du visage.webm"
  },
  {
    "key": "famille",
    "video": "jauvert/famille.webm"
  },
  {
    "key": "fatigué",
    "video": "jauvert/fatigué.webm"
  },
  {
    "key": "faxer",
    "video": "jauvert/faxer.webm"
  },
  {
    "key": "femme de ménage",
    "video": "jauvert/femme de ménage.webm"
  },
  {
    "key": "femme (1)",
    "video": "jauvert/femme.webm"
  },
  {
    "key": "fenêtre",
    "video": "jauvert/fenêtre.webm"
  },
  {
    "key": "fermé",
    "video": "jauvert/fermé.webm"
  },
  {
    "key": "fêter",
    "video": "jauvert/fêter.webm"
  },
  {
    "key": "fête",
    "video": "jauvert/fête.webm"
  },
  {
    "key": "fier",
    "video": "jauvert/fier.webm"
  },
  {
    "key": "filet",
    "video": "jauvert/filet.webm"
  },
  {
    "key": "fille (la)",
    "video": "jauvert/fille (la).webm"
  },
  {
    "key": "fille (1)",
    "video": "jauvert/fille.webm"
  },
  {
    "key": "film",
    "video": "jauvert/film.webm"
  },
  {
    "key": "fils",
    "video": "jauvert/fils.webm"
  },
  {
    "key": "finir",
    "video": "jauvert/finir.webm"
  },
  {
    "key": "fleur",
    "video": "jauvert/fleur.webm"
  },
  {
    "key": "foncé",
    "video": "jauvert/foncé.webm"
  },
  {
    "key": "foot",
    "video": "jauvert/foot.webm"
  },
  {
    "key": "formateur",
    "video": "jauvert/formateur.webm"
  },
  {
    "key": "formation (1)",
    "video": "jauvert/formation.webm"
  },
  {
    "key": "forme",
    "video": "jauvert/forme.webm"
  },
  {
    "key": "français (langue)",
    "video": "jauvert/français (langue).webm"
  },
  {
    "key": "frère",
    "video": "jauvert/frère.webm"
  },
  {
    "key": "frite",
    "video": "jauvert/frite.webm"
  },
  {
    "key": "froid",
    "video": "jauvert/froid.webm"
  },
  {
    "key": "fromage",
    "video": "jauvert/fromage.webm"
  },
  {
    "key": "fruit",
    "video": "jauvert/fruit.webm"
  },
  {
    "key": "Gap",
    "video": "jauvert/Gap.webm"
  },
  {
    "key": "garçon",
    "video": "jauvert/garçon.webm"
  },
  {
    "key": "gare",
    "video": "jauvert/gare.webm"
  },
  {
    "key": "gâteau",
    "video": "jauvert/gâteau.webm"
  },
  {
    "key": "gentil",
    "video": "jauvert/gentil.webm"
  },
  {
    "key": "girafe",
    "video": "jauvert/girafe.webm"
  },
  {
    "key": "glisser",
    "video": "jauvert/glisser.webm"
  },
  {
    "key": "grand-mère",
    "video": "jauvert/grand-mère.webm"
  },
  {
    "key": "grand-parent",
    "video": "jauvert/grand-parent.webm"
  },
  {
    "key": "grand-père",
    "video": "jauvert/grand-père.webm"
  },
  {
    "key": "grand (3)",
    "video": "jauvert/grand.webm"
  },
  {
    "key": "grave",
    "video": "jauvert/grave.webm"
  },
  {
    "key": "gris",
    "video": "jauvert/gris.webm"
  },
  {
    "key": "gronder",
    "video": "jauvert/gronder.webm"
  },
  {
    "key": "gros",
    "video": "jauvert/gros.webm"
  },
  {
    "key": "habiter",
    "video": "jauvert/habiter.webm"
  },
  {
    "key": "hélicoptère",
    "video": "jauvert/hélicoptère.webm"
  },
  {
    "key": "herbe",
    "video": "jauvert/herbe.webm"
  },
  {
    "key": "hier",
    "video": "jauvert/hier.webm"
  },
  {
    "key": "histoire (1)",
    "video": "jauvert/histoire.webm"
  },
  {
    "key": "hiver",
    "video": "jauvert/hiver.webm"
  },
  {
    "key": "homme (2)",
    "video": "jauvert/homme.webm"
  },
  {
    "key": "honte",
    "video": "jauvert/honte.webm"
  },
  {
    "key": "hôpital (1)",
    "video": "jauvert/hôpital.webm"
  },
  {
    "key": "humour",
    "video": "jauvert/humour.webm"
  },
  {
    "key": "hypnose",
    "video": "jauvert/hypnose.webm"
  },
  {
    "key": "iconique",
    "video": "jauvert/iconique.webm"
  },
  {
    "key": "il fait beau",
    "video": "jauvert/il fait beau.webm"
  },
  {
    "key": "il neige",
    "video": "jauvert/il neige.webm"
  },
  {
    "key": "il n'y a personne",
    "video": "jauvert/il n'y a personne.webm"
  },
  {
    "key": "I love you",
    "video": "jauvert/I love you.webm"
  },
  {
    "key": "il pleut",
    "video": "jauvert/il pleut.webm"
  },
  {
    "key": "il y a du vent",
    "video": "jauvert/il y a du vent.webm"
  },
  {
    "key": "imiter, copier",
    "video": "jauvert/imiter, copier.webm"
  },
  {
    "key": "immeuble",
    "video": "jauvert/immeuble.webm"
  },
  {
    "key": "important",
    "video": "jauvert/important.webm"
  },
  {
    "key": "infirmière (1)",
    "video": "jauvert/infirmière.webm"
  },
  {
    "key": "informer (1)",
    "video": "jauvert/informer.webm"
  },
  {
    "key": "instituteur, professeur",
    "video": "jauvert/instituteur, professeur.webm"
  },
  {
    "key": "intervenir (1)",
    "video": "jauvert/intervenir.webm"
  },
  {
    "key": "inviter",
    "video": "jauvert/inviter.webm"
  },
  {
    "key": "italien (langue)",
    "video": "jauvert/italien (langue).webm"
  },
  {
    "key": "j'ai le temps",
    "video": "jauvert/j'ai le temps.webm"
  },
  {
    "key": "j'aime",
    "video": "jauvert/j'aime.webm"
  },
  {
    "key": "j'ai vu",
    "video": "jauvert/j'ai vu.webm"
  },
  {
    "key": "j'ai (2)",
    "video": "jauvert/j'ai.webm"
  },
  {
    "key": "jamais",
    "video": "jauvert/jamais.webm"
  },
  {
    "key": "jambon",
    "video": "jauvert/jambon.webm"
  },
  {
    "key": "jaune",
    "video": "jauvert/jaune.webm"
  },
  {
    "key": "je connais",
    "video": "jauvert/je connais.webm"
  },
  {
    "key": "je crois",
    "video": "jauvert/je crois.webm"
  },
  {
    "key": "je n'aime pas",
    "video": "jauvert/je n'aime pas.webm"
  },
  {
    "key": "je n'ai pas le temps",
    "video": "jauvert/je n'ai pas le temps.webm"
  },
  {
    "key": "je n'ai pas vu",
    "video": "jauvert/je n'ai pas vu.webm"
  },
  {
    "key": "je n'ai pas (2)",
    "video": "jauvert/je n'ai pas.webm"
  },
  {
    "key": "je ne connais pas",
    "video": "jauvert/je ne connais pas.webm"
  },
  {
    "key": "je ne crois pas",
    "video": "jauvert/je ne crois pas.webm"
  },
  {
    "key": "je ne peux pas",
    "video": "jauvert/je ne peux pas.webm"
  },
  {
    "key": "je ne sais pas",
    "video": "jauvert/je ne sais pas.webm"
  },
  {
    "key": "je ne suis pas là",
    "video": "jauvert/je ne suis pas là.webm"
  },
  {
    "key": "je ne veux pas",
    "video": "jauvert/je ne veux pas.webm"
  },
  {
    "key": "je peux",
    "video": "jauvert/je peux.webm"
  },
  {
    "key": "je sais",
    "video": "jauvert/je sais.webm"
  },
  {
    "key": "je suis d'accord",
    "video": "jauvert/je suis d'accord.webm"
  },
  {
    "key": "je suis là",
    "video": "jauvert/je suis là.webm"
  },
  {
    "key": "jeu de cartes",
    "video": "jauvert/jeu de cartes.webm"
  },
  {
    "key": "jeune",
    "video": "jauvert/jeune.webm"
  },
  {
    "key": "jeu (1)",
    "video": "jauvert/jeu.webm"
  },
  {
    "key": "je veux",
    "video": "jauvert/je veux.webm"
  },
  {
    "key": "jouer",
    "video": "jauvert/jouer.webm"
  },
  {
    "key": "journée (1)",
    "video": "jauvert/journée.webm"
  },
  {
    "key": "jupe",
    "video": "jauvert/jupe.webm"
  },
  {
    "key": "kaki",
    "video": "jauvert/kaki.webm"
  },
  {
    "key": "laid",
    "video": "jauvert/laid.webm"
  },
  {
    "key": "langue (3)",
    "video": "jauvert/langue.webm"
  },
  {
    "key": "légume",
    "video": "jauvert/légume.webm"
  },
  {
    "key": "libellule",
    "video": "jauvert/libellule.webm"
  },
  {
    "key": "libre",
    "video": "jauvert/libre.webm"
  },
  {
    "key": "lit",
    "video": "jauvert/lit.webm"
  },
  {
    "key": "livre",
    "video": "jauvert/livre.webm"
  },
  {
    "key": "location",
    "video": "jauvert/location.webm"
  },
  {
    "key": "LSF",
    "video": "jauvert/LSF.webm"
  },
  {
    "key": "lui, elle",
    "video": "jauvert/lui, elle.webm"
  },
  {
    "key": "madame",
    "video": "jauvert/madame.webm"
  },
  {
    "key": "mademoiselle",
    "video": "jauvert/mademoiselle.webm"
  },
  {
    "key": "maintenant",
    "video": "jauvert/maintenant.webm"
  },
  {
    "key": "mairie (1)",
    "video": "jauvert/mairie.webm"
  },
  {
    "key": "maison",
    "video": "jauvert/maison.webm"
  },
  {
    "key": "maîtresse",
    "video": "jauvert/maîtresse.webm"
  },
  {
    "key": "malade",
    "video": "jauvert/malade.webm"
  },
  {
    "key": "maladie",
    "video": "jauvert/maladie.webm"
  },
  {
    "key": "mal-entendant",
    "video": "jauvert/mal-entendant.webm"
  },
  {
    "key": "maman",
    "video": "jauvert/maman.webm"
  },
  {
    "key": "ma, mes",
    "video": "jauvert/ma, mes.webm"
  },
  {
    "key": "manger",
    "video": "jauvert/manger.webm"
  },
  {
    "key": "manteau",
    "video": "jauvert/manteau.webm"
  },
  {
    "key": "marcher",
    "video": "jauvert/marcher.webm"
  },
  {
    "key": "marier",
    "video": "jauvert/marier.webm"
  },
  {
    "key": "Marignane",
    "video": "jauvert/Marignane.webm"
  },
  {
    "key": "marron",
    "video": "jauvert/marron.webm"
  },
  {
    "key": "Marseille (1)",
    "video": "jauvert/Marseille.webm"
  },
  {
    "key": "matin",
    "video": "jauvert/matin.webm"
  },
  {
    "key": "mauvais",
    "video": "jauvert/mauvais.webm"
  },
  {
    "key": "méchant",
    "video": "jauvert/méchant.webm"
  },
  {
    "key": "médecin (1)",
    "video": "jauvert/médecin.webm"
  },
  {
    "key": "merci",
    "video": "jauvert/merci.webm"
  },
  {
    "key": "mer",
    "video": "jauvert/mer.webm"
  },
  {
    "key": "messe",
    "video": "jauvert/messe.webm"
  },
  {
    "key": "mettre à la porte",
    "video": "jauvert/mettre à la porte.webm"
  },
  {
    "key": "mettre (1)",
    "video": "jauvert/mettre.webm"
  },
  {
    "key": "midi (1)",
    "video": "jauvert/midi.webm"
  },
  {
    "key": "moi",
    "video": "jauvert/moi.webm"
  },
  {
    "key": "monsieur",
    "video": "jauvert/monsieur.webm"
  },
  {
    "key": "montagne (1)",
    "video": "jauvert/montagne.webm"
  },
  {
    "key": "montgolfière",
    "video": "jauvert/montgolfière.webm"
  },
  {
    "key": "montre (accessoire)",
    "video": "jauvert/montre (accessoire).webm"
  },
  {
    "key": "moquer",
    "video": "jauvert/moquer.webm"
  },
  {
    "key": "moto",
    "video": "jauvert/moto.webm"
  },
  {
    "key": "mot",
    "video": "jauvert/mot.webm"
  },
  {
    "key": "mouton",
    "video": "jauvert/mouton.webm"
  },
  {
    "key": "mouvement",
    "video": "jauvert/mouvement.webm"
  },
  {
    "key": "nager",
    "video": "jauvert/nager.webm"
  },
  {
    "key": "neveu",
    "video": "jauvert/neveu.webm"
  },
  {
    "key": "nièce",
    "video": "jauvert/nièce.webm"
  },
  {
    "key": "noir",
    "video": "jauvert/noir.webm"
  },
  {
    "key": "nombreux",
    "video": "jauvert/nombreux.webm"
  },
  {
    "key": "non merci",
    "video": "jauvert/non merci.webm"
  },
  {
    "key": "non-signé",
    "video": "jauvert/non-signé.webm"
  },
  {
    "key": "non (2)",
    "video": "jauvert/non.webm"
  },
  {
    "key": "nous",
    "video": "jauvert/nous.webm"
  },
  {
    "key": "nouvelle",
    "video": "jauvert/nouvelle.webm"
  },
  {
    "key": "objet",
    "video": "jauvert/objet.webm"
  },
  {
    "key": "oeuf",
    "video": "jauvert/oeuf.webm"
  },
  {
    "key": "offrir",
    "video": "jauvert/offrir.webm"
  },
  {
    "key": "oie",
    "video": "jauvert/oie.webm"
  },
  {
    "key": "oncle",
    "video": "jauvert/oncle.webm"
  },
  {
    "key": "orange",
    "video": "jauvert/orange.webm"
  },
  {
    "key": "orientation",
    "video": "jauvert/orientation.webm"
  },
  {
    "key": "or",
    "video": "jauvert/or.webm"
  },
  {
    "key": "oublier",
    "video": "jauvert/oublier.webm"
  },
  {
    "key": "oui",
    "video": "jauvert/oui.webm"
  },
  {
    "key": "oumanie (?)",
    "video": "jauvert/oumanie (?).webm"
  },
  {
    "key": "ours",
    "video": "jauvert/ours.webm"
  },
  {
    "key": "ouvert",
    "video": "jauvert/ouvert.webm"
  },
  {
    "key": "… ou …",
    "video": "jauvert/… ou ….webm"
  },
  {
    "key": "où ?",
    "video": "jauvert/où ?.webm"
  },
  {
    "key": "paella",
    "video": "jauvert/paella.webm"
  },
  {
    "key": "pain (1)",
    "video": "jauvert/pain.webm"
  },
  {
    "key": "palme",
    "video": "jauvert/palme.webm"
  },
  {
    "key": "pantalon",
    "video": "jauvert/pantalon.webm"
  },
  {
    "key": "papa",
    "video": "jauvert/papa.webm"
  },
  {
    "key": "papier",
    "video": "jauvert/papier.webm"
  },
  {
    "key": "paramètre(s)",
    "video": "jauvert/paramètre(s).webm"
  },
  {
    "key": "pardon",
    "video": "jauvert/pardon.webm"
  },
  {
    "key": "pareil",
    "video": "jauvert/pareil.webm"
  },
  {
    "key": "parent (1)",
    "video": "jauvert/parent.webm"
  },
  {
    "key": "paris",
    "video": "jauvert/paris.webm"
  },
  {
    "key": "Paris (1)",
    "video": "jauvert/Paris.webm"
  },
  {
    "key": "parlé",
    "video": "jauvert/parlé.webm"
  },
  {
    "key": "participer",
    "video": "jauvert/participer.webm"
  },
  {
    "key": "partir",
    "video": "jauvert/partir.webm"
  },
  {
    "key": "pas compris",
    "video": "jauvert/pas compris.webm"
  },
  {
    "key": "pas content",
    "video": "jauvert/pas content.webm"
  },
  {
    "key": "pas d'accord",
    "video": "jauvert/pas d'accord.webm"
  },
  {
    "key": "pas grave",
    "video": "jauvert/pas grave.webm"
  },
  {
    "key": "pas la peine",
    "video": "jauvert/pas la peine.webm"
  },
  {
    "key": "pâte",
    "video": "jauvert/pâte.webm"
  },
  {
    "key": "patin à glace",
    "video": "jauvert/patin à glace.webm"
  },
  {
    "key": "patin à roulettes",
    "video": "jauvert/patin à roulettes.webm"
  },
  {
    "key": "patron",
    "video": "jauvert/patron.webm"
  },
  {
    "key": "pause",
    "video": "jauvert/pause.webm"
  },
  {
    "key": "payer",
    "video": "jauvert/payer.webm"
  },
  {
    "key": "perdre",
    "video": "jauvert/perdre.webm"
  },
  {
    "key": "personne (1)",
    "video": "jauvert/personne.webm"
  },
  {
    "key": "petit·e-ami·e",
    "video": "jauvert/petit·e-ami·e.webm"
  },
  {
    "key": "petite-fille",
    "video": "jauvert/petite-fille.webm"
  },
  {
    "key": "petit-fils",
    "video": "jauvert/petit-fils.webm"
  },
  {
    "key": "petits-enfants",
    "video": "jauvert/petits-enfants.webm"
  },
  {
    "key": "petit (2)",
    "video": "jauvert/petit.webm"
  },
  {
    "key": "peur",
    "video": "jauvert/peur.webm"
  },
  {
    "key": "photo",
    "video": "jauvert/photo.webm"
  },
  {
    "key": "phrase",
    "video": "jauvert/phrase.webm"
  },
  {
    "key": "ping-pong",
    "video": "jauvert/ping-pong.webm"
  },
  {
    "key": "pique-nique",
    "video": "jauvert/pique-nique.webm"
  },
  {
    "key": "piscine",
    "video": "jauvert/piscine.webm"
  },
  {
    "key": "plage",
    "video": "jauvert/plage.webm"
  },
  {
    "key": "planche à voile",
    "video": "jauvert/planche à voile.webm"
  },
  {
    "key": "planète",
    "video": "jauvert/planète.webm"
  },
  {
    "key": "pleurer",
    "video": "jauvert/pleurer.webm"
  },
  {
    "key": "pleuvoir",
    "video": "jauvert/pleuvoir.webm"
  },
  {
    "key": "plonger",
    "video": "jauvert/plonger.webm"
  },
  {
    "key": "plusieurs",
    "video": "jauvert/plusieurs.webm"
  },
  {
    "key": "poisson",
    "video": "jauvert/poisson.webm"
  },
  {
    "key": "polonais (langue)",
    "video": "jauvert/polonais (langue).webm"
  },
  {
    "key": "pomme de terre",
    "video": "jauvert/pomme de terre.webm"
  },
  {
    "key": "pomme (1)",
    "video": "jauvert/pomme.webm"
  },
  {
    "key": "pompier",
    "video": "jauvert/pompier.webm"
  },
  {
    "key": "pont",
    "video": "jauvert/pont.webm"
  },
  {
    "key": "portable",
    "video": "jauvert/portable.webm"
  },
  {
    "key": "porte (1)",
    "video": "jauvert/porte.webm"
  },
  {
    "key": "poubelle",
    "video": "jauvert/poubelle.webm"
  },
  {
    "key": "poule",
    "video": "jauvert/poule.webm"
  },
  {
    "key": "pourquoi ?",
    "video": "jauvert/pourquoi ?.webm"
  },
  {
    "key": "pourquoi (1)",
    "video": "jauvert/pourquoi.webm"
  },
  {
    "key": "pour rien",
    "video": "jauvert/pour rien.webm"
  },
  {
    "key": "pour (3)",
    "video": "jauvert/pour.webm"
  },
  {
    "key": "préféré·e",
    "video": "jauvert/préféré·e.webm"
  },
  {
    "key": "préférer",
    "video": "jauvert/préférer.webm"
  },
  {
    "key": "première",
    "video": "jauvert/première.webm"
  },
  {
    "key": "prendre",
    "video": "jauvert/prendre.webm"
  },
  {
    "key": "prénom",
    "video": "jauvert/prénom.webm"
  },
  {
    "key": "présenter, montrer",
    "video": "jauvert/présenter, montrer.webm"
  },
  {
    "key": "président de la république",
    "video": "jauvert/président de la république.webm"
  },
  {
    "key": "prêter",
    "video": "jauvert/prêter.webm"
  },
  {
    "key": "prêt",
    "video": "jauvert/prêt.webm"
  },
  {
    "key": "printemps",
    "video": "jauvert/printemps.webm"
  },
  {
    "key": "promenade",
    "video": "jauvert/promenade.webm"
  },
  {
    "key": "pronom",
    "video": "jauvert/pronom.webm"
  },
  {
    "key": "proposer",
    "video": "jauvert/proposer.webm"
  },
  {
    "key": "protéger",
    "video": "jauvert/protéger.webm"
  },
  {
    "key": "psychologue",
    "video": "jauvert/psychologue.webm"
  },
  {
    "key": "pull (vêtement)",
    "video": "jauvert/pull (vêtement).webm"
  },
  {
    "key": "quand ?",
    "video": "jauvert/quand ?.webm"
  },
  {
    "key": "qui ?",
    "video": "jauvert/qui ?.webm"
  },
  {
    "key": "quoi ?",
    "video": "jauvert/quoi ?.webm"
  },
  {
    "key": "raconter",
    "video": "jauvert/raconter.webm"
  },
  {
    "key": "ranger",
    "video": "jauvert/ranger.webm"
  },
  {
    "key": "rat",
    "video": "jauvert/rat.webm"
  },
  {
    "key": "refuser",
    "video": "jauvert/refuser.webm"
  },
  {
    "key": "regarder",
    "video": "jauvert/regarder.webm"
  },
  {
    "key": "rejoindre",
    "video": "jauvert/rejoindre.webm"
  },
  {
    "key": "rembourser",
    "video": "jauvert/rembourser.webm"
  },
  {
    "key": "rencontrer",
    "video": "jauvert/rencontrer.webm"
  },
  {
    "key": "rendez-vous",
    "video": "jauvert/rendez-vous.webm"
  },
  {
    "key": "répondre",
    "video": "jauvert/répondre.webm"
  },
  {
    "key": "restaurant",
    "video": "jauvert/restaurant.webm"
  },
  {
    "key": "rester",
    "video": "jauvert/rester.webm"
  },
  {
    "key": "retard",
    "video": "jauvert/retard.webm"
  },
  {
    "key": "réveur",
    "video": "jauvert/réveur.webm"
  },
  {
    "key": "réviser",
    "video": "jauvert/réviser.webm"
  },
  {
    "key": "rire",
    "video": "jauvert/rire.webm"
  },
  {
    "key": "rivière",
    "video": "jauvert/rivière.webm"
  },
  {
    "key": "riz",
    "video": "jauvert/riz.webm"
  },
  {
    "key": "robe",
    "video": "jauvert/robe.webm"
  },
  {
    "key": "roller",
    "video": "jauvert/roller.webm"
  },
  {
    "key": "rose",
    "video": "jauvert/rose.webm"
  },
  {
    "key": "rouge",
    "video": "jauvert/rouge.webm"
  },
  {
    "key": "rouler",
    "video": "jauvert/rouler.webm"
  },
  {
    "key": "route nationale",
    "video": "jauvert/route nationale.webm"
  },
  {
    "key": "roux",
    "video": "jauvert/roux.webm"
  },
  {
    "key": "sac à main",
    "video": "jauvert/sac à main.webm"
  },
  {
    "key": "saison (de l'année)",
    "video": "jauvert/saison (de l'année).webm"
  },
  {
    "key": "saisons (de l'année)",
    "video": "jauvert/saisons (de l'année).webm"
  },
  {
    "key": "salade",
    "video": "jauvert/salade.webm"
  },
  {
    "key": "salle",
    "video": "jauvert/salle.webm"
  },
  {
    "key": "sandwich",
    "video": "jauvert/sandwich.webm"
  },
  {
    "key": "sans interruption",
    "video": "jauvert/sans interruption.webm"
  },
  {
    "key": "s'asseoir",
    "video": "jauvert/s'asseoir.webm"
  },
  {
    "key": "saucisson",
    "video": "jauvert/saucisson.webm"
  },
  {
    "key": "sauf",
    "video": "jauvert/sauf.webm"
  },
  {
    "key": "se faufiler",
    "video": "jauvert/se faufiler.webm"
  },
  {
    "key": "se lever",
    "video": "jauvert/se lever.webm"
  },
  {
    "key": "se moquer",
    "video": "jauvert/se moquer.webm"
  },
  {
    "key": "sens (direction)",
    "video": "jauvert/sens (direction).webm"
  },
  {
    "key": "se promener",
    "video": "jauvert/se promener.webm"
  },
  {
    "key": "se rappeler",
    "video": "jauvert/se rappeler.webm"
  },
  {
    "key": "se réveiller",
    "video": "jauvert/se réveiller.webm"
  },
  {
    "key": "serré",
    "video": "jauvert/serré.webm"
  },
  {
    "key": "se taire",
    "video": "jauvert/se taire.webm"
  },
  {
    "key": "seul·e",
    "video": "jauvert/seul·e.webm"
  },
  {
    "key": "short (vêtement)",
    "video": "jauvert/short (vêtement).webm"
  },
  {
    "key": "signaire (vocabulaire LSF)",
    "video": "jauvert/signaire (vocabulaire LSF).webm"
  },
  {
    "key": "signé (1)",
    "video": "jauvert/signé.webm"
  },
  {
    "key": "silence",
    "video": "jauvert/silence.webm"
  },
  {
    "key": "s'il vous plait",
    "video": "jauvert/s'il vous plait.webm"
  },
  {
    "key": "ski",
    "video": "jauvert/ski.webm"
  },
  {
    "key": "snowboard",
    "video": "jauvert/snowboard.webm"
  },
  {
    "key": "soeur",
    "video": "jauvert/soeur.webm"
  },
  {
    "key": "soigner (1)",
    "video": "jauvert/soigner.webm"
  },
  {
    "key": "soir",
    "video": "jauvert/soir.webm"
  },
  {
    "key": "soleil",
    "video": "jauvert/soleil.webm"
  },
  {
    "key": "son, sa, ses, leurs",
    "video": "jauvert/son, sa, ses, leurs.webm"
  },
  {
    "key": "sortie",
    "video": "jauvert/sortie.webm"
  },
  {
    "key": "soucoupe volante",
    "video": "jauvert/soucoupe volante.webm"
  },
  {
    "key": "sourd",
    "video": "jauvert/sourd.webm"
  },
  {
    "key": "sourire",
    "video": "jauvert/sourire.webm"
  },
  {
    "key": "souris (1)",
    "video": "jauvert/souris.webm"
  },
  {
    "key": "sous-marin",
    "video": "jauvert/sous-marin.webm"
  },
  {
    "key": "souvent",
    "video": "jauvert/souvent.webm"
  },
  {
    "key": "stage",
    "video": "jauvert/stage.webm"
  },
  {
    "key": "stagiaire",
    "video": "jauvert/stagiaire.webm"
  },
  {
    "key": "sucre",
    "video": "jauvert/sucre.webm"
  },
  {
    "key": "suivre",
    "video": "jauvert/suivre.webm"
  },
  {
    "key": "super",
    "video": "jauvert/super.webm"
  },
  {
    "key": "surveiller",
    "video": "jauvert/surveiller.webm"
  },
  {
    "key": "sympathique",
    "video": "jauvert/sympathique.webm"
  },
  {
    "key": "tableau",
    "video": "jauvert/tableau.webm"
  },
  {
    "key": "table",
    "video": "jauvert/table.webm"
  },
  {
    "key": "taille (mesure)",
    "video": "jauvert/taille (mesure).webm"
  },
  {
    "key": "talon",
    "video": "jauvert/talon.webm"
  },
  {
    "key": "tante",
    "video": "jauvert/tante.webm"
  },
  {
    "key": "tard",
    "video": "jauvert/tard.webm"
  },
  {
    "key": "tartine",
    "video": "jauvert/tartine.webm"
  },
  {
    "key": "taureau",
    "video": "jauvert/taureau.webm"
  },
  {
    "key": "téléphoner",
    "video": "jauvert/téléphoner.webm"
  },
  {
    "key": "téléphone",
    "video": "jauvert/téléphone.webm"
  },
  {
    "key": "télévision (1)",
    "video": "jauvert/télévision.webm"
  },
  {
    "key": "tennis",
    "video": "jauvert/tennis.webm"
  },
  {
    "key": "terminer",
    "video": "jauvert/terminer.webm"
  },
  {
    "key": "terre (3)",
    "video": "jauvert/terre.webm"
  },
  {
    "key": "terrible",
    "video": "jauvert/terrible.webm"
  },
  {
    "key": "TGV",
    "video": "jauvert/TGV.webm"
  },
  {
    "key": "théatre",
    "video": "jauvert/théatre.webm"
  },
  {
    "key": "thème",
    "video": "jauvert/thème.webm"
  },
  {
    "key": "thé",
    "video": "jauvert/thé.webm"
  },
  {
    "key": "toi",
    "video": "jauvert/toi.webm"
  },
  {
    "key": "tomate",
    "video": "jauvert/tomate.webm"
  },
  {
    "key": "tomber",
    "video": "jauvert/tomber.webm"
  },
  {
    "key": "ton, ta, tes",
    "video": "jauvert/ton, ta, tes.webm"
  },
  {
    "key": "tortue de mer",
    "video": "jauvert/tortue de mer.webm"
  },
  {
    "key": "tortue de terre",
    "video": "jauvert/tortue de terre.webm"
  },
  {
    "key": "tôt",
    "video": "jauvert/tôt.webm"
  },
  {
    "key": "toujours",
    "video": "jauvert/toujours.webm"
  },
  {
    "key": "tous les quinze jours",
    "video": "jauvert/tous les quinze jours.webm"
  },
  {
    "key": "toute la nuit",
    "video": "jauvert/toute la nuit.webm"
  },
  {
    "key": "tout le monde",
    "video": "jauvert/tout le monde.webm"
  },
  {
    "key": "tout (2)",
    "video": "jauvert/tout.webm"
  },
  {
    "key": "train",
    "video": "jauvert/train.webm"
  },
  {
    "key": "travailler",
    "video": "jauvert/travailler.webm"
  },
  {
    "key": "tremblement de terre",
    "video": "jauvert/tremblement de terre.webm"
  },
  {
    "key": "triste",
    "video": "jauvert/triste.webm"
  },
  {
    "key": "t-shirt",
    "video": "jauvert/t-shirt.webm"
  },
  {
    "key": "usine (1)",
    "video": "jauvert/usine.webm"
  },
  {
    "key": "vacances",
    "video": "jauvert/vacances.webm"
  },
  {
    "key": "vache",
    "video": "jauvert/vache.webm"
  },
  {
    "key": "veau",
    "video": "jauvert/veau.webm"
  },
  {
    "key": "vélo",
    "video": "jauvert/vélo.webm"
  },
  {
    "key": "vendre",
    "video": "jauvert/vendre.webm"
  },
  {
    "key": "venir (1)",
    "video": "jauvert/venir.webm"
  },
  {
    "key": "vent (1)",
    "video": "jauvert/vent.webm"
  },
  {
    "key": "verbe directionnel",
    "video": "jauvert/verbe directionnel.webm"
  },
  {
    "key": "verre de terre",
    "video": "jauvert/verre de terre.webm"
  },
  {
    "key": "vert",
    "video": "jauvert/vert.webm"
  },
  {
    "key": "vêtement (3)",
    "video": "jauvert/vêtement.webm"
  },
  {
    "key": "vieu",
    "video": "jauvert/vieu.webm"
  },
  {
    "key": "village",
    "video": "jauvert/village.webm"
  },
  {
    "key": "ville (2)",
    "video": "jauvert/ville.webm"
  },
  {
    "key": "violet",
    "video": "jauvert/violet.webm"
  },
  {
    "key": "visite",
    "video": "jauvert/visite.webm"
  },
  {
    "key": "visuel",
    "video": "jauvert/visuel.webm"
  },
  {
    "key": "Vitrolle",
    "video": "jauvert/Vitrolle.webm"
  },
  {
    "key": "vocabulaire (1)",
    "video": "jauvert/vocabulaire.webm"
  },
  {
    "key": "voisin",
    "video": "jauvert/voisin.webm"
  },
  {
    "key": "voiture (2)",
    "video": "jauvert/voiture.webm"
  },
  {
    "key": "voler",
    "video": "jauvert/voler.webm"
  },
  {
    "key": "vous (2)",
    "video": "jauvert/vous.webm"
  },
  {
    "key": "week-end",
    "video": "jauvert/week-end.webm"
  },
  {
    "key": "zoo (1)",
    "video": "jauvert/zoo.webm"
  }
]
